question,answer
¿Qué es el presente simple en inglés?,"El presente simple en inglés se usa para hablar de acciones habituales o hechos generales. Se forma con el verbo en su forma base para la mayoría de los sujetos, excepto para la tercera persona singular (he, she, it), donde se añade una ""s"" al verbo."
¿Cómo se usa el verbo ""to be""?,"El verbo ""to be"" se usa para hablar de estados, características o existencia. Se conjuga como ""am"", ""is"" o ""are"" según el sujeto de la oración. Ejemplo: ""I am happy"", ""She is a student"", ""They are friends""."
¿Qué significa ""cat"" en español?,"""Cat"" significa ""gato"" en español."
¿Cuáles son los colores en inglés?,"Los colores en inglés son: red (rojo), blue (azul), green (verde), yellow (amarillo), black (negro), white (blanco), purple (morado), orange (naranja), pink (rosa), brown (marrón)."
¿Cómo puedo decir ""hola"" en inglés?,"""Hola"" en inglés se dice ""Hello""."
¿Cuál es la diferencia entre ""some"" y ""any""?,"""Some"" se usa en oraciones afirmativas y en preguntas que ofrecen algo o sugieren una cantidad desconocida. ""Any"" se usa en preguntas negativas o en oraciones negativas. Ejemplo: ""I have some apples"" vs ""I don’t have any apples""."
¿Cómo pregunto por direcciones en inglés?,"Puedes usar frases como: ""How do I get to...?"" ""Where is...?"" ""Can you tell me the way to...?"" por ejemplo: ""How do I get to the library?""."
¿Cuál es la forma correcta de preguntar la hora?,"La forma correcta de preguntar la hora es: ""What time is it?""."
¿Qué son los artículos definidos e indefinidos?,"En inglés, los artículos definidos son ""the"" (el, la, los, las) y los artículos indefinidos son ""a"" y ""an"" (un, una). ""A"" se usa con palabras que comienzan con sonido consonante, y ""an"" con palabras que comienzan con sonido vocal."
¿Cómo uso los pronombres posesivos?,"Los pronombres posesivos indican posesión. Ejemplo: ""my"" (mi), ""your"" (tu), ""his"" (su), ""her"" (su), ""its"" (su), ""our"" (nuestro), ""their"" (su). Ejemplo: ""This is my book"", ""That is their house""."
¿Qué significa "cat" en español?,"""Cat"" significa ""gato"" en español."
¿Cómo se dice "gato" en inglés?,"""Gato"" en inglés se dice ""cat""."
¿Qué significa "dog" en español?,"""Dog"" significa ""perro"" en español."
¿Cómo se dice "perro" en inglés?,"""Perro"" en inglés se dice ""dog""."
¿Cómo se forma el pasado simple?,"El pasado simple se forma añadiendo ""-ed"" a los verbos regulares. Ejemplo: ""walk"" -> ""walked""."
¿Cómo es la conjugación del pasado simple?,"Los verbos regulares en pasado terminan en ""-ed"", como ""worked"", ""played"". Los irregulares cambian: ""go"" -> ""went""."
¿Cuáles son los días de la semana en inglés?,"Los días de la semana son: Monday (lunes), Tuesday (martes), Wednesday (miércoles), Thursday (jueves), Friday (viernes), Saturday (sábado), y Sunday (domingo)."
¿Cómo se dicen los días de la semana en inglés?,"En inglés, los días de la semana son: Monday, Tuesday, Wednesday, Thursday, Friday, Saturday, y Sunday."
¿Qué es el presente simple en inglés?,"El presente simple en inglés se usa para hablar de acciones habituales o hechos generales. Se forma con el verbo base para todos los sujetos, excepto en la tercera persona singular, donde se añade ""s"" o ""es"" al verbo."
¿Cómo se usa el presente simple?,"El presente simple se utiliza para describir rutinas, hechos generales o estados permanentes. Ejemplo: ""I work every day"" (Trabajo todos los días)."
¿Cómo se pronuncia la "th" en inglés?,"La ""th"" se pronuncia como un sonido interdental. Hay dos variantes principales: sonora como en ""this"" (como una ""d"" suave) y sorda como en ""think"" (como un ""z"" suave)."
¿Cuáles son los colores en inglés?,"Los colores en inglés son: red (rojo), blue (azul), green (verde), yellow (amarillo), black (negro), white (blanco), purple (morado), orange (naranja), pink (rosa), brown (marrón)."
¿Cómo digo los colores en inglés?,"Puedes decir: red (rojo), blue (azul), green (verde), yellow (amarillo), y más. Estos son colores básicos en inglés."
¿Cómo se usa el verbo "to be"?,"El verbo ""to be"" se usa para describir estados, características o ubicación. Se conjuga como ""am"", ""is"" o ""are"" según el sujeto. Ejemplo: ""I am a student"", ""She is happy"", ""They are at home""."
¿Cómo pregunto por direcciones en inglés?,"Puedes usar frases como: ""How do I get to...?"" ""Where is...?"" ""Can you tell me the way to...?"" Por ejemplo: ""How do I get to the library?"" (¿Cómo llego a la biblioteca?)."
¿Cuál es la forma correcta de preguntar la hora?,"La forma correcta de preguntar la hora es: ""What time is it?"" (¿Qué hora es?)."
¿Cómo digo "gracias" en inglés?,"""Gracias"" en inglés se dice ""Thank you""."
¿Cómo se saludan las personas en inglés?,"Las formas comunes de saludo en inglés son: ""Hello"" (Hola), ""Hi"" (Hola informal), ""Good morning"" (Buenos días), ""Good afternoon"" (Buenas tardes), y ""Good evening"" (Buenas noches)."
¿Cómo se forma el plural en inglés?,"La mayoría de los sustantivos forman el plural añadiendo ""-s"" o ""-es"". Ejemplo: ""cat"" -> ""cats"", ""box"" -> ""boxes"". Algunos tienen formas irregulares como ""child"" -> ""children""."
¿Qué son los artículos definidos e indefinidos?,"En inglés, los artículos definidos son ""the"" (el, la, los, las) y los artículos indefinidos son ""a"" y ""an"" (un, una). ""A"" se usa con palabras que comienzan con sonido consonante, y ""an"" con palabras que comienzan con sonido vocal."
¿Cómo uso los pronombres posesivos?,"Los pronombres posesivos indican posesión. Ejemplo: ""my"" (mi), ""your"" (tu), ""his"" (su), ""her"" (su), ""its"" (su), ""our"" (nuestro), ""their"" (su). Ejemplo: ""This is my book"", ""That is their house""."
¿Qué es el presente continuo?,"El presente continuo se usa para hablar de acciones en progreso en el momento. Se forma con ""to be"" + verbo terminado en ""-ing"". Ejemplo: ""I am eating"" (Estoy comiendo)."
¿Cómo se usan los números en inglés?,"Los números en inglés se cuentan como: one (uno), two (dos), three (tres), etc. También se usan en contextos como: ""I have two apples"" (Tengo dos manzanas)."
¿Qué significa "apple" en español?,"""Apple"" significa ""manzana"" en español."
¿Cómo se dice "manzana" en inglés?,"""Manzana"" en inglés se dice ""apple""."
